Time,CMX1,CMY1,CMX2,CMY2,CMX3,CMY3
0,0.244991,-0.06819605,0.1530838,-0.08504831,0.4531896,-0.03002042
0.09875309,0.244982,-0.06805867,0.1530604,-0.08504991,0.4532131,-0.0295682
0.1992795,0.2449862,-0.06768445,0.153029,-0.08507503,0.4532989,-0.02829476
0.2976122,0.2449815,-0.06702097,0.1529728,-0.08504688,0.453412,-0.02620638
0.3986771,0.2449707,-0.06602597,0.1529018,-0.08486025,0.4535355,-0.0233901
0.498147,0.2449484,-0.06469063,0.1528203,-0.08442294,0.4536393,-0.02001195
0.5974153,0.2449407,-0.06295432,0.1527496,-0.08370448,0.4537658,-0.01595839
0.6964771,0.2449415,-0.06079236,0.1527118,-0.08273634,0.4538452,-0.01108322
0.7988725,0.2450346,-0.05812303,0.1527511,-0.08138859,0.4540588,-0.005422478
0.897307,0.2451923,-0.05509716,0.1528547,-0.07969442,0.4543391,0.0006240726
0.9991494,0.2454216,-0.05155779,0.1530476,-0.07765146,0.4546436,0.007530841
1.097277,0.2457603,-0.04779015,0.1533472,-0.07536324,0.455061,0.01465531
1.199123,0.2461878,-0.04344902,0.15373,-0.07262624,0.4555737,0.02263321
1.297489,0.2466809,-0.038856,0.1541703,-0.0696455,0.4561668,0.03091564
1.399388,0.2472524,-0.03369489,0.1547048,-0.06621554,0.4568071,0.04007141
1.497433,0.2479175,-0.02848732,0.1553423,-0.06269546,0.457525,0.04916088
1.59905,0.2486783,-0.02281089,0.1560414,-0.05877114,0.4584203,0.05884925
1.6971,0.249446,-0.01691233,0.156715,-0.05459286,0.4594052,0.06868387
1.798814,0.2502746,-0.01036229,0.1574376,-0.0498882,0.4604827,0.07946084
1.896876,0.2511891,-0.003459268,0.1582464,-0.0448508,0.4616555,0.09064984
1.998571,0.2521685,0.004134614,0.1590844,-0.0393538,0.4629797,0.1030298
2.096692,0.2531348,0.01177837,0.159867,-0.03374601,0.4644005,0.1153603
2.198563,0.2541445,0.01994626,0.160617,-0.02771391,0.4660425,0.1284613
2.296933,0.2552166,0.02813356,0.1613823,-0.02165725,0.467853,0.1415408
2.399085,0.2564815,0.03698816,0.162318,-0.0150856,0.4699089,0.1556163
2.4977,0.25771,0.04592861,0.1631863,-0.008455559,0.4719949,0.1698253
2.596415,0.258954,0.05543757,0.1640281,-0.001397981,0.4741932,0.1849122
2.698898,0.260292,0.06575977,0.1649407,0.006311769,0.4765335,0.2011827
2.797844,0.2616874,0.07607479,0.1659068,0.01402224,0.4789299,0.2173892
2.896941,0.2631223,0.08673111,0.1668823,0.02202781,0.4814306,0.2340294
2.999852,0.2646919,0.09823967,0.16794,0.03076018,0.484186,0.2518379
3.099231,0.2662179,0.1098667,0.1689977,0.03960683,0.4867932,0.269812
3.19873,0.2677516,0.1219717,0.1700628,0.04881558,0.4893995,0.2885341
3.298264,0.269265,0.134528,0.1710943,0.05839259,0.4919975,0.3079155
3.397763,0.2707742,0.1475424,0.1720979,0.06831346,0.4946306,0.3280215
3.497282,0.2722954,0.1610269,0.1731069,0.07858718,0.4972646,0.3488028
3.596814,0.2738446,0.1748814,0.1741493,0.08914005,0.4998926,0.370069
3.69635,0.2754225,0.189123,0.1752465,0.1000138,0.5024733,0.3918712
3.799619,0.2770536,0.2044155,0.1764351,0.1117028,0.5050042,0.415272
3.899245,0.2786275,0.2196825,0.1776309,0.1234259,0.5073259,0.4385398
3.998889,0.2802487,0.2354025,0.1789106,0.1355265,0.5095945,0.462378
4.098542,0.2818937,0.2514828,0.1802492,0.1478914,0.5117932,0.4867849
4.198196,0.2835649,0.2679445,0.1816179,0.1605657,0.5139943,0.5117292
4.297857,0.2851978,0.2848006,0.1830036,0.1735035,0.5160194,0.537324
4.397518,0.28682,0.3021342,0.1844464,0.1868156,0.5178696,0.5635753
4.497177,0.2884409,0.3199634,0.1859329,0.2005803,0.5196087,0.590393
4.596797,0.2900538,0.3382677,0.1874646,0.2147734,0.5212245,0.6177756
4.696343,0.2916409,0.3570569,0.1890329,0.2294031,0.5226731,0.6457416
4.799497,0.2932599,0.377049,0.1906933,0.2450243,0.5240111,0.6753332
4.898888,0.2948891,0.3967115,0.1924045,0.2604377,0.5252626,0.7043516
4.998197,0.2965267,0.4167069,0.1941988,0.2761177,0.5263567,0.7338547
5.097418,0.2981553,0.4370296,0.1960261,0.2920606,0.5273628,0.7637771
5.196535,0.2998352,0.4576595,0.1979204,0.308283,0.5283843,0.7940536
5.29918,0.3016271,0.4794133,0.1999728,0.3254516,0.5294019,0.8258032
5.398009,0.3033711,0.5008343,0.2020038,0.3423876,0.5303273,0.8569405
5.496707,0.3051366,0.5225883,0.2040739,0.3597153,0.5312451,0.8882565
5.599261,0.3069508,0.54549,0.20624,0.3780048,0.5321112,0.9211065
5.698703,0.3086996,0.5680119,0.2083873,0.3959784,0.5328242,0.9534381
5.798079,0.310453,0.59085,0.2105906,0.4142568,0.5334383,0.986088
5.897417,0.3122041,0.613977,0.2128223,0.432859,0.5339917,1.018874
5.996718,0.3140124,0.6373968,0.2151243,0.4518417,0.5345652,1.051758
6.099675,0.3158291,0.6620524,0.2175016,0.4719797,0.5350217,1.086009
6.198969,0.3175621,0.6861411,0.2198009,0.4918314,0.5354094,1.118944
6.298285,0.3193114,0.7104388,0.2221616,0.5120379,0.5357318,1.151645
6.39764,0.3210664,0.7348112,0.2245602,0.5324399,0.5360005,1.184134
6.497126,0.3228308,0.75931,0.2270182,0.5530679,0.5361922,1.216514
6.596705,0.324572,0.7839756,0.2294886,0.5739511,0.536302,1.248872
6.699831,0.3263727,0.809916,0.2320693,0.5961351,0.5363607,1.282396
6.799123,0.328151,0.8352211,0.2346241,0.6180005,0.5364076,1.314619
6.898442,0.3299475,0.8607748,0.2372197,0.6402109,0.5364321,1.346855
6.997904,0.3317343,0.8865208,0.2398242,0.6626409,0.5364189,1.37923
7.097529,0.3335319,0.912377,0.2424585,0.6851936,0.5363837,1.411711
7.197375,0.3353381,0.9386348,0.2451099,0.7081773,0.5363406,1.444488
7.297437,0.3371661,0.9653422,0.2477995,0.7317341,0.5362849,1.477445
7.397971,0.3389993,0.9925452,0.2505316,0.7559253,0.5361654,1.510551
7.498812,0.3408433,1.02021,0.2532907,0.7807202,0.5360303,1.543779
7.59988,0.3427209,1.048191,0.2560795,0.8059366,0.5359354,1.577057
7.697278,0.344575,1.07534,0.2588041,0.8304337,0.5359082,1.609236
7.798317,0.3465406,1.103795,0.2616466,0.8561103,0.5359668,1.642948
7.899441,0.3485524,1.132699,0.2645075,0.8822468,0.5361346,1.677053
7.996816,0.3505191,1.160897,0.2672697,0.9078303,0.536379,1.710107
8.097989,0.3525614,1.190562,0.2701033,0.9348852,0.5367088,1.74458
8.199089,0.3546303,1.220461,0.2729299,0.9622387,0.5371422,1.779148
8.296386,0.3567026,1.249391,0.27568,0.9887466,0.5377442,1.812549
8.397389,0.3588553,1.279694,0.278451,1.016565,0.5385543,1.847435
8.498315,0.3610905,1.310384,0.2812391,1.044848,0.5395986,1.882565
8.599057,0.3633945,1.341461,0.2840206,1.073584,0.5408769,1.91796
8.699626,0.3657393,1.372906,0.2867755,1.102759,0.5423399,1.953583
8.796323,0.3680569,1.403469,0.2894238,1.131173,0.5439314,1.988094
8.896595,0.3705374,1.435394,0.2922062,1.160859,0.5457456,2.024128
8.996714,0.3730559,1.46753,0.2949864,1.1908,0.5476938,2.060279
9.096669,0.3755646,1.499961,0.297697,1.221134,0.5497701,2.096503
9.196553,0.3781428,1.532656,0.3004499,1.251851,0.5519787,2.132719
9.296602,0.3807852,1.565677,0.3032299,1.283011,0.5543412,2.168978
9.396624,0.3834786,1.598894,0.3060092,1.314428,0.5568725,2.205291
9.496737,0.3861771,1.632327,0.3087485,1.346116,0.5595165,2.241688
9.597152,0.3889302,1.6661,0.3115147,1.378226,0.5622839,2.278242
9.697653,0.3917544,1.700177,0.3143148,1.41072,0.5652114,2.314924
9.798053,0.3945957,1.734477,0.3170777,1.443513,0.5682811,2.351652
9.898223,0.3974855,1.768936,0.3198486,1.476526,0.5714998,2.388399
9.998209,0.4004591,1.803481,0.3226862,1.509668,0.5748463,2.425143
10.09848,0.403498,1.838358,0.3255727,1.543199,0.5783003,2.462078
10.19931,0.4066023,1.8737,0.3284625,1.577307,0.5819599,2.499249
10.29673,0.4097044,1.908105,0.331338,1.610607,0.5856417,2.535221
10.39788,0.4130136,1.944123,0.3343978,1.64548,0.5895851,2.572822
10.4989,0.4163438,1.980301,0.3374769,1.680515,0.5935617,2.610549
10.59626,0.4195358,2.015422,0.3403899,1.71459,0.5974602,2.647034
10.69756,0.4229659,2.052271,0.3435368,1.750418,0.6016105,2.685152
10.7988,0.4264861,2.08936,0.3467775,1.786539,0.6058423,2.723392
10.89629,0.4299531,2.125261,0.3499747,1.821536,0.6100023,2.76034
10.99751,0.4335429,2.162751,0.3532783,1.858138,0.6143329,2.798798
11.09869,0.437186,2.200548,0.3566691,1.895115,0.6186469,2.837396
11.19983,0.4408927,2.23859,0.3601379,1.932427,0.6229931,2.876036
11.29724,0.444498,2.275333,0.3635194,1.968532,0.6272058,2.913214
11.39847,0.4482706,2.313763,0.3670642,2.006356,0.6316037,2.95194
11.49965,0.4521271,2.352535,0.3707188,2.04455,0.6360327,2.990864
11.59716,0.4558322,2.390196,0.3742601,2.081647,0.6402356,3.028639
11.69827,0.4596712,2.429347,0.3779367,2.120281,0.6445748,3.067745
11.7994,0.4635929,2.468804,0.3817293,2.159264,0.6489128,3.107036
11.89689,0.4674167,2.507178,0.3854551,2.197132,0.653085,3.145344
11.99811,0.4713597,2.547255,0.3892864,2.236619,0.6574227,3.185466
12.09931,0.4753947,2.587533,0.3932424,2.276299,0.661773,3.225742
12.19664,0.4793217,2.626566,0.3971065,2.314745,0.6659742,3.264694
12.29778,0.4833602,2.667361,0.4010755,2.354918,0.6703272,3.305357
12.39899,0.4875047,2.708276,0.4051753,2.395275,0.6747266,3.346044
12.49646,0.4915314,2.747952,0.4091608,2.434392,0.6789953,3.38548
12.59763,0.4957683,2.789487,0.4133559,2.475285,0.6834818,3.426884
12.69885,0.5000091,2.831217,0.4175455,2.516376,0.6880019,3.468562
12.79629,0.5040794,2.871701,0.4215724,2.556261,0.6923308,3.508968
12.89744,0.5083633,2.914052,0.4258194,2.597994,0.696867,3.551188
12.99861,0.5126801,2.956525,0.4301013,2.639913,0.7014294,3.593416
13.09985,0.5170189,2.999261,0.4343983,2.682153,0.7060316,3.635751
13.19731,0.5212094,3.040637,0.4385667,2.723088,0.7104359,3.676622
13.29853,0.5255494,3.083596,0.4428739,2.765649,0.7150179,3.718919
13.39978,0.5299476,3.126814,0.4472407,2.808438,0.7196581,3.761463
13.49723,0.5341809,3.168639,0.4514494,2.849761,0.7241066,3.802735
13.59838,0.538534,3.212138,0.4557658,2.892722,0.7286947,3.845688
13.69951,0.5429281,3.256052,0.4601422,2.936022,0.7332853,3.889084
13.79682,0.5471672,3.298471,0.464355,2.977806,0.7377309,3.931045
13.89783,0.5515752,3.34269,0.4687369,3.021361,0.742345,3.974772
13.99885,0.5560013,3.387277,0.4731738,3.065174,0.7468936,4.018945
14.09631,0.5602583,3.430329,0.4774283,3.107449,0.7512901,4.061698
14.19744,0.5647219,3.475326,0.4819075,3.151625,0.7558555,4.106393
14.29861,0.5691567,3.520623,0.486375,3.196085,0.7603504,4.151364
14.39979,0.5735849,3.566048,0.4908483,3.240792,0.7648064,4.196306
14.49721,0.5778655,3.610139,0.4951868,3.284226,0.7690767,4.239765
14.59839,0.5823074,3.656009,0.4996933,3.329471,0.7734949,4.284867
14.69957,0.5867412,3.702132,0.5042248,3.375055,0.7778305,4.330086
14.79702,0.5909896,3.746804,0.5085777,3.419269,0.7819582,4.373696
14.89819,0.5954266,3.793267,0.5131433,3.465441,0.786231,4.418712
14.99941,0.5998023,3.840098,0.5176794,3.512071,0.7903762,4.463781
15.09688,0.6040115,3.885269,0.5220724,3.557171,0.7942897,4.506957
15.19807,0.6083778,3.932432,0.5266487,3.604235,0.7983142,4.552001
15.29932,0.6127081,3.979895,0.5312242,3.651466,0.8022159,4.597535
15.39673,0.6168743,4.025711,0.5356372,3.696898,0.8059372,4.641732
15.4979,0.6212161,4.073582,0.5402606,3.744181,0.8097621,4.688226
15.59906,0.6255365,4.121462,0.5448746,3.79131,0.8135353,4.735012
15.69648,0.6297518,4.167789,0.549376,3.836796,0.8172051,4.780496
15.79766,0.6340991,4.215899,0.554024,3.883928,0.8209866,4.827947
15.89879,0.6384714,4.264116,0.5587044,3.931118,0.8247675,4.875606
15.99626,0.6427153,4.310661,0.5632338,3.976573,0.8284637,4.921821
16.09737,0.6471371,4.359022,0.5679579,4.023773,0.8323009,4.969891
16.19846,0.6515824,4.407734,0.5727013,4.07125,0.8361716,5.018378
16.29961,0.6560481,4.456727,0.5774554,4.118878,0.840075,5.06739
16.39706,0.660363,4.504259,0.5820518,4.165144,0.8438445,5.114851
16.49823,0.6648276,4.553708,0.5867985,4.213469,0.847774,5.163932
16.59944,0.6692967,4.603554,0.5915554,4.262405,0.8517029,5.213075
16.6969,0.6735609,4.651781,0.5961019,4.309962,0.8554503,5.260318
16.79808,0.6779706,4.702189,0.600817,4.359901,0.8593026,5.309293
16.89928,0.6823739,4.752752,0.6055299,4.410267,0.8631573,5.357897
16.99677,0.6865565,4.801638,0.6100378,4.45918,0.866752,5.404394
17.09795,0.6908811,4.852426,0.6147169,4.510212,0.8704426,5.452166
17.19906,0.6951607,4.903295,0.6193619,4.561456,0.8740641,5.499661
17.29646,0.6992706,4.952415,0.6238356,4.610985,0.877503,5.545351
17.39761,0.7035261,5.003591,0.6284564,4.662511,0.8810937,5.593021
17.49868,0.7077747,5.054984,0.6330636,4.714073,0.8846708,5.641217
17.59981,0.7120419,5.106669,0.637662,4.765639,0.8883211,5.690269
17.69728,0.7161718,5.156746,0.6420866,4.815333,0.8918997,5.738328
17.79843,0.7204701,5.208997,0.6466663,4.866843,0.8956704,5.78908
17.89956,0.7248395,5.261458,0.6512816,4.918278,0.899572,5.840538
17.99698,0.7290786,5.312298,0.6557376,4.96786,0.9033858,5.890981
18.09816,0.7335133,5.36525,0.6603742,5.019304,0.9074203,5.944008
18.19937,0.738011,5.418504,0.6650459,5.070945,0.9115671,5.99769
18.29671,0.7423359,5.469794,0.6695338,5.120651,0.9155649,6.049624
18.39783,0.746867,5.523329,0.6742189,5.172583,0.9197832,6.103863
18.49891,0.7514103,5.576913,0.6789215,5.22471,0.9240056,6.157985
18.59632,0.755819,5.628789,0.6834826,5.275416,0.9281029,6.209975
18.6974,0.7603967,5.682612,0.6882304,5.328302,0.9323403,6.263379
18.79858,0.764984,5.736441,0.6929904,5.381603,0.9365896,6.316023
18.89976,0.7695628,5.790171,0.6977538,5.435209,0.9408235,6.367768
18.9972,0.7739608,5.841933,0.702344,5.48718,0.9448749,6.416925
19.09834,0.7785595,5.895724,0.707152,5.541419,0.9490976,6.46752
19.19955,0.7831757,5.949538,0.7119851,5.595812,0.953306,6.517836
19.29698,0.7876462,6.001368,0.7166557,5.648287,0.9573946,6.566146
19.39816,0.7922907,6.054956,0.7215052,5.702691,0.9616416,6.615745
19.49929,0.7969777,6.108549,0.7263884,5.757127,0.9659534,6.665346
19.59672,0.8015447,6.160259,0.7311288,5.809458,0.9701766,6.713461
19.69785,0.8063641,6.214145,0.7361043,5.863698,0.974676,6.764143
19.79899,0.8112763,6.268278,0.7411435,5.917918,0.9793048,6.815645
19.8964,0.8160986,6.320588,0.7460601,5.970068,0.983896,6.865928
19.99756,0.8212242,6.37528,0.7512565,6.024493,0.9888272,6.918791
20.09867,0.8264218,6.430047,0.7564991,6.078987,0.9938807,6.971771
20.1999,0.8317413,6.485102,0.7618338,6.133894,0.9991044,7.024799
20.29727,0.8369581,6.53816,0.7670386,6.18689,1.004271,7.07579
20.39846,0.8424756,6.593489,0.7725072,6.242106,1.009802,7.129103
20.49956,0.8480453,6.64917,0.7780018,6.297532,1.015432,7.183152
20.59694,0.8534934,6.703108,0.7833554,6.351067,1.020974,7.235917
20.69814,0.8592194,6.759625,0.7889608,6.407053,1.026838,7.291549
20.79933,0.8650429,6.816442,0.7946344,6.463371,1.032839,7.347484
20.89681,0.8707345,6.87141,0.8001605,6.517936,1.038739,7.401502
20.99799,0.8767373,6.928685,0.8059608,6.574967,1.045006,7.45752
21.09917,0.8827934,6.985999,0.8117765,6.632178,1.051392,7.51336
21.19659,0.8886981,7.041394,0.8174293,6.687577,1.057649,7.56721
21.29782,0.8948992,7.099072,0.8233519,6.745269,1.064244,7.623349
21.39897,0.9011511,7.156959,0.8293126,6.803135,1.070908,7.679787
21.49638,0.9072311,7.212913,0.835096,6.859039,1.077401,7.734407
21.59744,0.9136059,7.271114,0.8411532,6.91715,1.08422,7.791287
21.69857,0.9200656,7.329524,0.847283,6.975474,1.091139,7.848365
21.79972,0.9266158,7.387945,0.8534929,7.033826,1.098162,7.90539
21.89717,0.9330242,7.444149,0.8595546,7.090065,1.105055,7.960053
21.99834,0.9397458,7.502313,0.8658957,7.148423,1.112324,8.016326
22.09949,0.9465722,7.560161,0.8723132,7.206636,1.119742,8.071981
22.19696,0.953234,7.615803,0.8785627,7.262746,1.126997,8.12535
22.29811,0.960238,7.673463,0.8851124,7.320954,1.13466,8.180618
22.39928,0.967303,7.731157,0.8917051,7.379144,1.142406,8.236135
22.4967,0.9741803,7.786888,0.898111,7.435258,1.149955,8.290074
22.59769,0.9813428,7.844755,0.9047696,7.493479,1.157831,8.346331
22.69879,0.9885499,7.90284,0.911449,7.552013,1.165796,8.402791
22.79999,0.99579,7.961055,0.9181358,7.610879,1.173834,8.459151
22.89737,1.002786,8.017032,0.924577,7.667723,1.181647,8.512955
22.99854,1.010047,8.07518,0.9312465,7.727055,1.189791,8.568413
23.09973,1.017281,8.133488,0.9378747,7.786804,1.197945,8.623542
23.19715,1.024205,8.18971,0.9442126,7.844666,1.205775,8.676219
23.29832,1.031347,8.248359,0.9507497,7.905319,1.213864,8.730616
23.39946,1.038423,8.307323,0.9572323,7.966442,1.221871,8.785072
23.49682,1.045168,8.364565,0.9634281,8.025752,1.22947,8.838038
23.59803,1.052109,8.424682,0.9698242,8.087946,1.237238,8.893889
23.69917,1.05899,8.485253,0.9761857,8.15049,1.244893,8.950421
23.79658,1.065563,8.544006,0.9822826,8.211026,1.252154,9.005512
23.89774,1.072352,8.605425,0.9885993,8.274193,1.25961,9.063351
23.99887,1.079112,8.667185,0.9949078,8.337604,1.266987,9.121767
24.09627,1.085598,8.72702,1.000976,8.398947,1.274029,9.17859
24.1974,1.092304,8.789671,1.00726,8.463087,1.281288,9.238264
24.29855,1.098976,8.852797,1.013519,8.527596,1.288493,9.298625
24.39966,1.105624,8.916221,1.019758,8.592303,1.295662,9.359496
24.49706,1.112003,8.977616,1.025753,8.654854,1.302528,9.418586
24.59813,1.118611,9.041478,1.031968,8.719869,1.309628,9.480174
24.69923,1.125209,9.105371,1.038182,8.784908,1.3167,9.541876
24.79663,1.13157,9.166969,1.044185,8.847651,1.323498,9.60135
24.89771,1.138179,9.231012,1.050431,8.912948,1.330532,9.663125
24.99887,1.14478,9.29528,1.05668,8.978512,1.337535,9.725096
25.09628,1.151135,9.357315,1.062705,9.041808,1.344252,9.784934
25.19746,1.157706,9.42201,1.068941,9.107791,1.351179,9.847372
25.29865,1.164282,9.486952,1.0752,9.173969,1.358073,9.910107
25.39983,1.17086,9.552019,1.081479,9.240178,1.364928,9.973106
25.4972,1.177188,9.614675,1.087535,9.303836,1.371484,10.03393
25.59842,1.18378,9.679811,1.09386,9.369963,1.378278,10.09729
25.69954,1.190365,9.744851,1.100191,9.435994,1.385035,10.16062
25.797,1.196711,9.807526,1.106303,9.499691,1.391526,10.22161
25.89818,1.20329,9.872674,1.112651,9.566018,1.398236,10.28489
25.99938,1.209844,9.938008,1.118991,9.63269,1.404903,10.34813
26.09676,1.216136,10.00102,1.12509,9.697164,1.411288,10.40887
26.19788,1.222644,10.06657,1.131413,9.764408,1.417875,10.47177
26.29898,1.229127,10.1322,1.137729,9.831928,1.424415,10.53446
26.39631,1.235342,10.19551,1.143795,9.897219,1.430672,10.59462
26.4974,1.24176,10.26141,1.150068,9.965343,1.437125,10.65696
26.5985,1.24812,10.32749,1.156292,10.03376,1.443515,10.71923
26.69963,1.25444,10.39373,1.16248,10.10244,1.449858,10.78147
26.797,1.260481,10.45772,1.1684,10.16884,1.455915,10.84145
26.89811,1.266706,10.52444,1.174502,10.23811,1.462152,10.90385
26.99924,1.272891,10.59143,1.180566,10.30767,1.468347,10.96641
27.09666,1.27881,10.6562,1.186365,10.37494,1.474284,11.02682
27.1978,1.284917,10.72366,1.192351,10.44498,1.480415,11.0897
27.29902,1.291,10.79143,1.198309,10.51532,1.486536,11.15285
27.39645,1.296836,10.85689,1.204017,10.58325,1.492426,11.21383
27.49767,1.302871,10.92512,1.209909,10.65401,1.49854,11.2774
27.59882,1.308892,10.99347,1.215774,10.72486,1.504668,11.3411
27.69995,1.314918,11.06194,1.221632,10.79579,1.510824,11.40496
27.79732,1.320719,11.12802,1.22726,10.86417,1.516776,11.46666
27.89842,1.326741,11.19681,1.233092,10.93527,1.522974,11.53098
27.99951,1.332766,11.26574,1.238914,11.00642,1.529201,11.59551
28.09688,1.338563,11.33226,1.244502,11.07497,1.535221,11.65787
28.19792,1.344568,11.40132,1.250276,11.14606,1.541486,11.72271
28.29897,1.350541,11.4704,1.256002,11.21708,1.547756,11.78763
28.39634,1.356276,11.53698,1.261487,11.28549,1.553809,11.85026
28.49748,1.362202,11.60612,1.267142,11.35648,1.560091,11.91536
28.59865,1.368085,11.67525,1.272747,11.42743,1.566351,11.98049
28.69978,1.373891,11.7444,1.278266,11.49843,1.572565,12.04558
28.7972,1.379428,11.81093,1.283524,11.56676,1.57851,12.10817
28.89835,1.385098,11.88001,1.288909,11.63781,1.584614,12.17306
28.99957,1.390675,11.94916,1.29421,11.709,1.590628,12.2379
29.097,1.395945,12.01568,1.299224,11.77754,1.596316,12.30021
29.19823,1.401306,12.08482,1.304333,11.84884,1.602109,12.36487
29.29943,1.406526,12.15398,1.309319,11.92024,1.607759,12.42944
29.39685,1.411405,12.22056,1.31399,11.98909,1.613038,12.4914
29.498,1.416302,12.28962,1.318695,12.06066,1.618329,12.5554
29.59916,1.42102,12.35861,1.323253,12.13238,1.623417,12.61897
29.6966,1.425384,12.42509,1.327495,12.20169,1.628105,12.67982
29.79773,1.429698,12.49424,1.33172,12.27396,1.632714,12.74274
29.89882,1.433801,12.56357,1.335775,12.34659,1.637073,12.80551
29.99993,1.437692,12.63317,1.339666,12.41964,1.641171,12.86824
30.09733,1.441254,12.70048,1.343276,12.49039,1.644871,12.92867
30.19843,1.444752,12.77061,1.346874,12.5642,1.648444,12.99145
30.29957,1.448062,12.84104,1.350332,12.63839,1.651764,13.05431
30.39694,1.451066,12.90917,1.35352,12.7102,1.654718,13.11502
30.49806,1.453997,12.98026,1.356684,12.78513,1.657539,13.17834
30.59921,1.456748,13.05175,1.359703,12.86044,1.660141,13.24208
30.69655,1.459224,13.12088,1.362465,12.9332,1.662444,13.30385
30.79767,1.461626,13.19301,1.365194,13.00901,1.664631,13.36852
30.89883,1.463867,13.26544,1.367782,13.08502,1.666637,13.43369
30.99996,1.465939,13.33809,1.370213,13.16112,1.668465,13.49931
31.09737,1.467783,13.40828,1.372417,13.23452,1.67007,13.56294
31.19848,1.469564,13.48135,1.374585,13.31079,1.671599,13.62941
31.29959,1.471213,13.5546,1.376631,13.38716,1.672993,13.69628
31.39697,1.472664,13.62532,1.378472,13.4608,1.674201,13.76104
31.49807,1.474041,13.6989,1.380263,13.53737,1.675332,13.8286
31.59919,1.475293,13.77268,1.381939,13.6141,1.676341,13.89647
31.69654,1.476381,13.84389,1.383448,13.68815,1.67719,13.96206
31.79762,1.477407,13.91803,1.384931,13.76522,1.677953,14.0304
31.89869,1.478339,13.99234,1.386344,13.8425,1.678603,14.09891
31.99976,1.479177,14.06686,1.387683,13.91999,1.679139,14.16758
32.0971,1.479894,14.13881,1.388902,13.99482,1.679544,14.23387
32.19817,1.480555,14.2137,1.390102,14.07273,1.679873,14.30288
32.29923,1.481125,14.28874,1.391225,14.15078,1.680106,14.37206
32.39652,1.481583,14.36111,1.392228,14.22606,1.68024,14.43886
32.49757,1.481978,14.43641,1.393199,14.30436,1.680304,14.50848
32.59864,1.482297,14.51186,1.394103,14.38281,1.680307,14.57835
32.69968,1.482553,14.58743,1.39495,14.46136,1.680259,14.64847
32.797,1.482746,14.66037,1.39572,14.53713,1.680167,14.71625
32.89805,1.4829,14.73626,1.396483,14.61596,1.680028,14.78688
32.99909,1.482999,14.81232,1.397197,14.69494,1.679845,14.85774
33.09643,1.483049,14.88576,1.397847,14.77119,1.679636,14.9262
33.19751,1.483046,14.9622,1.398471,14.85052,1.67938,14.99749
33.2986,1.482989,15.03877,1.39904,14.92997,1.679096,15.06895
33.39967,1.482895,15.11546,1.399575,15.00951,1.678789,15.14055
33.49699,1.482788,15.18942,1.400082,15.08619,1.678486,15.20967
33.59807,1.482667,15.26635,1.400613,15.16592,1.678162,15.28164
33.69915,1.482536,15.34335,1.401149,15.2457,1.677832,15.35374
33.79649,1.482403,15.41753,1.401665,15.32257,1.677519,15.42326
33.89755,1.48225,15.49454,1.402194,15.40237,1.677197,15.49547
33.99855,1.482082,15.57153,1.402714,15.48215,1.676876,15.56772
34.0996,1.481922,15.64856,1.403243,15.56199,1.676594,15.64006
34.19695,1.481782,15.7228,1.403767,15.63892,1.67637,15.70983
34.29808,1.481672,15.79996,1.404344,15.71889,1.676202,15.78239
34.39921,1.481623,15.87714,1.404969,15.79887,1.676131,15.85502
34.49658,1.481644,15.95148,1.405629,15.87591,1.676173,15.92506
34.59765,1.481735,16.02865,1.406369,15.95586,1.676332,15.99782
34.69873,1.48192,16.10573,1.407188,16.0357,1.676636,16.0705
34.79978,1.482198,16.18261,1.408079,16.11535,1.677094,16.14303
34.89712,1.482589,16.25649,1.409034,16.19189,1.677723,16.21273
34.99819,1.483142,16.33297,1.410141,16.27113,1.678586,16.28491
35.09926,1.483874,16.40919,1.411389,16.3501,1.679708,16.35689
35.19657,1.484774,16.48231,1.412748,16.42586,1.681073,16.42603
35.29762,1.485954,16.55797,1.414358,16.50422,1.682839,16.49772
35.39869,1.487411,16.63331,1.416192,16.58221,1.684987,16.56933
35.49976,1.489191,16.70827,1.418289,16.65973,1.687563,16.6408
35.5971,1.49125,16.78007,1.420593,16.73389,1.690493,16.70955
35.69818,1.493813,16.85426,1.42335,16.81039,1.69407,16.78095
35.79926,1.496864,16.92816,1.426528,16.88645,1.698243,16.8525
35.89662,1.500291,16.9992,1.430014,16.95939,1.702841,16.9217
35.99772,1.504388,17.07295,1.43411,17.03494,1.708232,16.99396
36.09884,1.509064,17.14685,1.438729,17.1105,1.714275,17.0667
36.19996,1.514325,17.22111,1.443886,17.1863,1.720964,17.14003
36.29736,1.51995,17.29314,1.449367,17.25973,1.728011,17.21131
36.3985,1.526367,17.36852,1.455592,17.33649,1.735952,17.28601
36.49962,1.533371,17.44452,1.462364,17.4138,1.744535,17.36138
36.59701,1.540641,17.51829,1.469376,17.48879,1.753375,17.43459
36.69814,1.54873,17.59543,1.477162,17.56716,1.763136,17.51121
36.79928,1.557363,17.67316,1.485458,17.64609,1.773488,17.58842
36.89664,1.566165,17.74851,1.4939,17.72258,1.784006,17.66322
36.99777,1.575812,17.8273,1.503137,17.80256,1.795496,17.7414
37.0989,1.585943,17.90666,1.512827,17.88314,1.807525,17.82005
37.19628,1.596142,17.98351,1.522569,17.96121,1.819607,17.89614
37.29741,1.607224,18.06368,1.533149,18.04268,1.832684,17.97545
37.39862,1.61881,18.14418,1.544209,18.1245,1.846299,18.05512
37.49978,1.630894,18.22499,1.555742,18.20664,1.860426,18.1351
37.59718,1.643,18.30312,1.567299,18.28608,1.874516,18.21238
37.69832,1.65603,18.38462,1.579737,18.36898,1.889641,18.2929
37.79947,1.669546,18.46649,1.592641,18.45227,1.905274,18.37373
37.89686,1.682983,18.54561,1.605476,18.53275,1.920759,18.45185
37.99803,1.697365,18.62805,1.619219,18.61661,1.937269,18.53327
38.09916,1.712193,18.71072,1.633403,18.70068,1.954202,18.61504
38.19655,1.726892,18.79052,1.647484,18.78177,1.970898,18.69409
38.29767,1.742545,18.87366,1.662491,18.86624,1.988606,18.77654
38.3988,1.75854,18.95727,1.67783,18.95117,2.006663,18.85945
38.49992,1.77493,19.04124,1.693565,19.03638,2.025097,18.94285
38.59732,1.791121,19.12223,1.709129,19.11848,2.043188,19.02358
38.69844,1.808264,19.20683,1.725605,19.2042,2.062308,19.10803
38.79957,1.825703,19.29207,1.742364,19.29051,2.081731,19.19321
38.89695,1.842846,19.37446,1.758847,19.37383,2.100743,19.27585
38.99805,1.861132,19.46026,1.776448,19.46045,2.120904,19.36229
39.09916,1.879828,19.54639,1.794471,19.54724,2.141405,19.44942
39.19654,1.898293,19.62968,1.812295,19.63099,2.161583,19.53399
39.29764,1.917983,19.7163,1.831356,19.71788,2.18294,19.62237
39.39874,1.938234,19.80311,1.851006,19.80474,2.204768,19.7114
39.49983,1.959006,19.89026,1.871198,19.89174,2.227036,19.80111
39.59718,1.979421,19.97472,1.891028,19.97598,2.248907,19.8882
39.69828,2.000969,20.0631,1.9119,20.06415,2.272062,19.97934
39.79936,2.022876,20.15217,1.933028,20.15308,2.295683,20.07117
39.89671,2.04434,20.23846,1.953671,20.2392,2.31883,20.16025
39.9978,2.067108,20.32848,1.975565,20.32898,2.343329,20.25341
